{
  "timestamp": "2026-03-17T18:55:52.586634",
  "regime": "bear",
  "regime_confidence": 0.9995719352701563,
  "rl_blend": 0.2,
  "markowitz_blend": 0.8,
  "weights": {
    "JNJ": 0.2504,
    "GOOGL": 0.2246,
    "SILVER": 0.1634,
    "AMD": 0.0454,
    "WMT": 0.0268,
    "OIL": 0.0085,
    "US10Y_ETF": 0.0085,
    "AAPL": 0.0085,
    "GOLD": 0.0085,
    "PG": 0.0085,
    "BNB": 0.0085,
    "HY_ETF": 0.0085,
    "US30Y_ETF": 0.0085,
    "CVX": 0.0085,
    "BTC": 0.0085,
    "BAC": 0.0085,
    "KO": 0.0085,
    "NFLX": 0.0085,
    "AMZN": 0.0085,
    "NVDA": 0.0085,
    "GS": 0.0085,
    "TIPS_ETF": 0.0085,
    "BRK-B": 0.0085,
    "MSFT": 0.0085,
    "ETH": 0.0085,
    "COST": 0.0085,
    "TSLA": 0.0085,
    "XOM": 0.0085,
    "JPM": 0.0085,
    "NATGAS": 0.0085,
    "V": 0.0085,
    "IG_ETF": 0.0085,
    "META": 0.0085,
    "CRM": 0.0085,
    "UNH": 0.0085,
    "WHEAT": 0.0085,
    "PFE": 0.0085,
    "ABBV": 0.0085,
    "SOL": 0.0085
  },
  "markowitz_weights": {
    "AAPL": 0.0085,
    "MSFT": 0.0085,
    "GOOGL": 0.2242,
    "NVDA": 0.0085,
    "AMD": 0.0453,
    "AMZN": 0.0085,
    "WMT": 0.0268,
    "COST": 0.0085,
    "JPM": 0.0085,
    "GS": 0.0085,
    "BAC": 0.0085,
    "V": 0.0085,
    "JNJ": 0.25,
    "UNH": 0.0085,
    "PFE": 0.0085,
    "ABBV": 0.0085,
    "XOM": 0.0085,
    "CVX": 0.0085,
    "BRK-B": 0.0085,
    "PG": 0.0085,
    "KO": 0.0085,
    "TSLA": 0.0085,
    "META": 0.0085,
    "NFLX": 0.0085,
    "CRM": 0.0085,
    "BTC": 0.0085,
    "ETH": 0.0085,
    "SOL": 0.0085,
    "BNB": 0.0085,
    "GOLD": 0.0085,
    "OIL": 0.0085,
    "SILVER": 0.1631,
    "NATGAS": 0.0085,
    "WHEAT": 0.0085,
    "US10Y_ETF": 0.0085,
    "US30Y_ETF": 0.0085,
    "TIPS_ETF": 0.0085,
    "HY_ETF": 0.0085,
    "IG_ETF": 0.0085
  },
  "expected_returns": {
    "AAPL": 0.0017326191067695619,
    "MSFT": 0.0003276761854067445,
    "BAC": 0.00041199182160198686,
    "V": 0.0015660563483834266,
    "JNJ": 0.0003386251861229539,
    "UNH": 0.0003458131104707718,
    "PFE": 0.000754481228068471,
    "ABBV": 0.00044815358705818653,
    "XOM": 0.00026832693256437776,
    "CVX": 0.001654675230383873,
    "BRK-B": 0.0011184356175363065,
    "PG": 0.0007060210686177015,
    "GOOGL": 0.00034926417283713817,
    "KO": 0.0005389574449509382,
    "TSLA": 0.0003937419038265944,
    "META": 0.00034674133639782666,
    "NFLX": 0.0003285092767328024,
    "CRM": 0.0003575226990506053,
    "BTC": 0.00034674133639782666,
    "ETH": 0.00032620038837194443,
    "SOL": 0.00032555770594626664,
    "BNB": 0.0004588581155985594,
    "GOLD": 0.0006897937972098589,
    "NVDA": 0.0005311582237482071,
    "OIL": 0.0004547429271042347,
    "SILVER": 0.00033524534665048123,
    "NATGAS": 0.00033324596006423235,
    "WHEAT": 0.00037132580764591693,
    "US10Y_ETF": 0.00030418140813708304,
    "US30Y_ETF": 0.00145933972671628,
    "TIPS_ETF": 0.00044413330033421516,
    "HY_ETF": 0.00036937438417226074,
    "IG_ETF": 0.0003919097129255533,
    "AMD": 0.0004455368500202894,
    "AMZN": 0.00032988982275128365,
    "WMT": 0.00039973817765712736,
    "COST": 0.0011520283296704292,
    "JPM": 0.0003814157331362367,
    "GS": 0.0003949078731238842
  },
  "markowitz_sharpe": 0.9616401426280042
}