{
  "timestamp": "2026-03-15T21:31:41.229122",
  "macro_regime": 1,
  "regime_label": "neutral",
  "rl_blend": 0.5,
  "markowitz_blend": 0.5,
  "weights": {
    "JNJ": 0.4,
    "JPM": 0.1607,
    "MSFT": 0.1605,
    "BRK-B": 0.1473,
    "TSLA": 0.0515,
    "GOOGL": 0.02,
    "AMZN": 0.02,
    "AAPL": 0.02,
    "XOM": 0.02
  },
  "markowitz_weights": {
    "AAPL": 0.02,
    "MSFT": 0.1605,
    "GOOGL": 0.02,
    "AMZN": 0.02,
    "JPM": 0.1607,
    "JNJ": 0.4,
    "XOM": 0.02,
    "BRK-B": 0.1473,
    "TSLA": 0.0515
  },
  "rl_weights": {
    "AAPL": 0.02,
    "MSFT": 0.1605,
    "GOOGL": 0.02,
    "AMZN": 0.02,
    "JPM": 0.1607,
    "JNJ": 0.4,
    "XOM": 0.02,
    "BRK-B": 0.1473,
    "TSLA": 0.0515
  },
  "expected_returns": {
    "AAPL": 0.0008653964847326279,
    "MSFT": 0.0009161200374364853,
    "GOOGL": 0.0008238490670919418,
    "AMZN": 0.0008388307876884937,
    "JPM": 0.0010794306173920632,
    "JNJ": 0.0010275861248373985,
    "SPY": 0.0010694232769310474,
    "BRK-B": 0.0009570077061653137,
    "TSLA": 0.001355928834527731
  },
  "markowitz_sharpe": 1.661839657622705
}