{
  "timestamp": "2026-03-17T23:25:29.566314",
  "regime": "bear",
  "regime_confidence": 0.9995719352701563,
  "rl_blend": 0.2,
  "markowitz_blend": 0.8,
  "weights": {
    "JNJ": 0.2504,
    "GOOGL": 0.2504,
    "SILVER": 0.1393,
    "AMD": 0.0413,
    "WMT": 0.0291,
    "NFLX": 0.0085,
    "BAC": 0.0085,
    "WHEAT": 0.0085,
    "GS": 0.0085,
    "BRK-B": 0.0085,
    "AMZN": 0.0085,
    "TIPS_ETF": 0.0085,
    "UNH": 0.0085,
    "IG_ETF": 0.0085,
    "PG": 0.0085,
    "US10Y_ETF": 0.0085,
    "BNB": 0.0085,
    "GOLD": 0.0085,
    "META": 0.0085,
    "ETH": 0.0085,
    "COST": 0.0085,
    "XOM": 0.0085,
    "BTC": 0.0085,
    "SOL": 0.0085,
    "TSLA": 0.0085,
    "OIL": 0.0085,
    "HY_ETF": 0.0085,
    "JPM": 0.0085,
    "CRM": 0.0085,
    "CVX": 0.0085,
    "NATGAS": 0.0085,
    "AAPL": 0.0085,
    "ABBV": 0.0085,
    "PFE": 0.0085,
    "KO": 0.0085,
    "US30Y_ETF": 0.0085,
    "MSFT": 0.0085,
    "NVDA": 0.0085,
    "V": 0.0085
  },
  "markowitz_weights": {
    "AAPL": 0.0085,
    "MSFT": 0.0085,
    "GOOGL": 0.25,
    "NVDA": 0.0085,
    "AMD": 0.0412,
    "AMZN": 0.0085,
    "WMT": 0.0291,
    "COST": 0.0085,
    "JPM": 0.0085,
    "GS": 0.0085,
    "BAC": 0.0085,
    "V": 0.0085,
    "JNJ": 0.25,
    "UNH": 0.0085,
    "PFE": 0.0085,
    "ABBV": 0.0085,
    "XOM": 0.0085,
    "CVX": 0.0085,
    "BRK-B": 0.0085,
    "PG": 0.0085,
    "KO": 0.0085,
    "TSLA": 0.0085,
    "META": 0.0085,
    "NFLX": 0.0085,
    "CRM": 0.0085,
    "BTC": 0.0085,
    "ETH": 0.0085,
    "SOL": 0.0085,
    "BNB": 0.0085,
    "GOLD": 0.0085,
    "OIL": 0.0085,
    "SILVER": 0.1391,
    "NATGAS": 0.0085,
    "WHEAT": 0.0085,
    "US10Y_ETF": 0.0085,
    "US30Y_ETF": 0.0085,
    "TIPS_ETF": 0.0085,
    "HY_ETF": 0.0085,
    "IG_ETF": 0.0085
  },
  "expected_returns": {
    "AAPL": 0.0007447188720107079,
    "MSFT": 0.001332436129450798,
    "BAC": 0.0004835477564483881,
    "V": 0.00033291273284703494,
    "JNJ": 0.00035573774948716164,
    "UNH": 0.0004890656098723411,
    "PFE": 0.0004791238345205784,
    "ABBV": 0.00031308450270444154,
    "XOM": 0.00030180083122104405,
    "CVX": 0.00028565977700054643,
    "BRK-B": 0.0002981346799060702,
    "PG": 0.0005265926942229271,
    "GOOGL": 0.002277635782957077,
    "KO": 0.001767692156136036,
    "TSLA": 0.0014360485598444938,
    "META": 0.0009191341698169709,
    "NFLX": 0.00044120722450315954,
    "CRM": 0.0003541431622579694,
    "NVDA": 0.0011888386681675911,
    "AMD": 0.00033557857386767864,
    "AMZN": 0.0003757283091545105,
    "WMT": 0.00035464295651763675,
    "COST": 0.0005587157327681779,
    "JPM": 0.00034605110995471476,
    "GS": 0.000462568923830986
  },
  "markowitz_sharpe": 1.0399793847497474
}