{
  "timestamp": "2026-03-16T19:03:46.824372",
  "regime": "bear",
  "regime_confidence": 0.999571952418043,
  "rl_blend": 0.2,
  "markowitz_blend": 0.8,
  "weights": {
    "JNJ": 0.25,
    "BRK-B": 0.25,
    "MSFT": 0.215,
    "AAPL": 0.1215,
    "GOOGL": 0.0599,
    "JPM": 0.0436,
    "AMZN": 0.02,
    "XOM": 0.02,
    "TSLA": 0.02
  },
  "markowitz_weights": {
    "AAPL": 0.1215,
    "MSFT": 0.215,
    "GOOGL": 0.0599,
    "AMZN": 0.02,
    "JPM": 0.0436,
    "JNJ": 0.25,
    "XOM": 0.02,
    "BRK-B": 0.25,
    "TSLA": 0.02
  },
  "expected_returns": {
    "AAPL": 0.001116704847663641,
    "MSFT": 0.0011006057262420653,
    "GOOGL": 0.0010974284261465073,
    "AMZN": 0.0010979500599205493,
    "JPM": 0.001093942765146494,
    "JNJ": 0.0010993253439664842,
    "SPY": 0.0011117495596408844,
    "BRK-B": 0.001116989366710186,
    "TSLA": 0.0011876299045979976
  },
  "markowitz_sharpe": 1.9555979162102213
}