{
  "timestamp": "2026-03-17T01:30:09.215479",
  "regime": "bear",
  "regime_confidence": 0.9995719352701563,
  "rl_blend": 0.2,
  "markowitz_blend": 0.8,
  "weights": {
    "JNJ": 0.25,
    "GOOGL": 0.25,
    "XOM": 0.06,
    "CRM": 0.02,
    "GS": 0.02,
    "KO": 0.02,
    "AMD": 0.02,
    "NFLX": 0.02,
    "PFE": 0.02,
    "BRK-B": 0.02,
    "UNH": 0.02,
    "AAPL": 0.02,
    "BAC": 0.02,
    "ABBV": 0.02,
    "PG": 0.02,
    "TSLA": 0.02,
    "COST": 0.02,
    "CVX": 0.02,
    "NVDA": 0.02,
    "V": 0.02,
    "WMT": 0.02,
    "AMZN": 0.02,
    "META": 0.02,
    "JPM": 0.02,
    "MSFT": 0.02
  },
  "markowitz_weights": {
    "AAPL": 0.02,
    "MSFT": 0.02,
    "GOOGL": 0.25,
    "NVDA": 0.02,
    "AMD": 0.02,
    "AMZN": 0.02,
    "WMT": 0.02,
    "COST": 0.02,
    "JPM": 0.02,
    "GS": 0.02,
    "BAC": 0.02,
    "V": 0.02,
    "JNJ": 0.25,
    "UNH": 0.02,
    "PFE": 0.02,
    "ABBV": 0.02,
    "XOM": 0.06,
    "CVX": 0.02,
    "BRK-B": 0.02,
    "PG": 0.02,
    "KO": 0.02,
    "TSLA": 0.02,
    "META": 0.02,
    "NFLX": 0.02,
    "CRM": 0.02
  },
  "expected_returns": {
    "AAPL": 0.0005303497426211834,
    "MSFT": 0.000487662386149168,
    "10": 0.00044227777980268004,
    "11": 0.00043254774063825605,
    "12": 0.00042003360576927664,
    "13": 0.0004355928860604763,
    "14": 0.0004297880455851555,
    "15": 0.000408898713067174,
    "16": 0.0003968352451920509,
    "17": 0.00040152273140847683,
    "18": 0.0004642101936042309,
    "19": 0.0006318353582173586,
    "GOOGL": 0.0004535297397524118,
    "20": 0.00047753024846315385,
    "21": 0.0004818352870643139,
    "22": 0.0005024315789341927,
    "23": 0.0004157510586082935,
    "24": 0.000530468625947833,
    "AMZN": 0.0005287803243845702,
    "JPM": 0.0005130380857735872,
    "JNJ": 0.0004054724704474211,
    "SPY": 0.0004111114889383316,
    "BRK-B": 0.0005351291969418525,
    "TSLA": 0.00041437107138335704,
    "XOM": 0.0004228410311043262
  },
  "markowitz_sharpe": 0.7200536753371394
}