{
  "current_regime": "bear",
  "confidence": 0.9995719352701563,
  "transition_probs": {
    "bull": 0.03410878945227084,
    "volatile": 0.01011135028189704,
    "crisis": 0.0040141003641904465,
    "bear": 0.9517657599016417
  },
  "recent_21d_dist": {
    "bull": 0,
    "bear": 21,
    "volatile": 0,
    "crisis": 0
  },
  "blend": {
    "rl": 0.2,
    "markowitz": 0.8
  },
  "constraints": {
    "max_weight": 0.25,
    "min_weight": 0.02,
    "cash_floor": 0.1
  },
  "detected_at": "2026-03-16T23:49:52.570770"
}